BEGIN TRANSACTION;
CREATE TABLE "Wednesday" (
	`Name`	TEXT,
	`p1`	INTEGER,
	`p2`	INTEGER,
	`p3`	INTEGER,
	`p4`	INTEGER,
	`p5`	INTEGER,
	`p6`	INTEGER,
	`p7`	INTEGER
);
INSERT INTO `Wednesday` VALUES ('Mr.R. Augustian Isaac',0,0,1,1,1,0,1);
INSERT INTO `Wednesday` VALUES ('Mr. Balika.J.Chelliah',1,1,0,1,1,0,1);
INSERT INTO `Wednesday` VALUES ('Mr.S. Jaya Kumar',0,1,0,0,1,0,1);
INSERT INTO `Wednesday` VALUES ('Mr.R.J. Poovaraghan',1,1,1,0,1,0,0);
INSERT INTO `Wednesday` VALUES ('Ms.M.S. Bennet Praba',0,1,1,1,0,1,0);
INSERT INTO `Wednesday` VALUES ('Mr.S. Pandiaraj',1,1,0,0,1,1,0);
INSERT INTO `Wednesday` VALUES ('Ms.V. Praveena',0,0,0,1,1,0,1);
INSERT INTO `Wednesday` VALUES ('Mr.S. Arun Kumar',1,1,0,0,0,0,0);
INSERT INTO `Wednesday` VALUES ('Mrs.M.S. Antony Vigil',0,1,0,0,1,1,0);
INSERT INTO `Wednesday` VALUES ('Mr.T.H. Feiroz Khan',0,0,0,1,1,1,0);
INSERT INTO `Wednesday` VALUES ('Mr. B. Dojohn Loyd',0,0,1,0,1,0,0);
INSERT INTO `Wednesday` VALUES ('Mrs. J. Ahalya Mary',0,0,1,1,1,1,0);
INSERT INTO `Wednesday` VALUES ('Mrs. Mrudula Oruganti',1,1,0,1,1,0,0);
INSERT INTO `Wednesday` VALUES ('Mr. S.P. Maniraj',1,0,0,0,0,0,0);
INSERT INTO `Wednesday` VALUES ('Ms. V. Sellam',0,0,0,1,1,0,1);
INSERT INTO `Wednesday` VALUES ('Mr. Sarooraj',0,0,0,1,0,1,0);
INSERT INTO `Wednesday` VALUES ('Ms. Caroline El Fiorenza',1,1,0,1,1,0,0);
INSERT INTO `Wednesday` VALUES ('Mrs. R. Angeline',1,0,0,0,1,0,0);
INSERT INTO `Wednesday` VALUES ('Mr. Narendran M',0,0,0,1,1,1,1);
INSERT INTO `Wednesday` VALUES ('Mrs. Sabitha P',1,0,1,0,1,0,0);
INSERT INTO `Wednesday` VALUES ('Mrs. Tadepalli  Sarada Kiranmayee',0,0,0,0,1,0,0);
INSERT INTO `Wednesday` VALUES ('Mrs.G. Kalpana',1,1,0,0,0,1,1);
INSERT INTO `Wednesday` VALUES ('Mr. Senthil M',1,0,1,1,0,0,1);
INSERT INTO `Wednesday` VALUES ('Mr.D. Bhaskar',0,0,0,0,1,0,1);
INSERT INTO `Wednesday` VALUES ('Mr.M. Prabu',1,0,0,0,1,1,0);
INSERT INTO `Wednesday` VALUES ('Mrs.A. Shiny',0,0,1,1,1,0,0);
INSERT INTO `Wednesday` VALUES ('Ms.K. Suba',1,0,1,1,0,0,0);
INSERT INTO `Wednesday` VALUES ('Ms.P. Adlene Ebenezer',0,1,0,1,1,0,0);
INSERT INTO `Wednesday` VALUES ('Mrs.A. Sharmila Agnal',1,1,0,0,0,0,0);
INSERT INTO `Wednesday` VALUES ('Mrs.S. Vishu Dharsini',1,0,0,0,1,0,0);
INSERT INTO `Wednesday` VALUES ('Mrs.V. Sathya',1,0,0,0,0,1,0);
INSERT INTO `Wednesday` VALUES ('Ms.S.R. Rajeswari',0,1,0,0,1,1,0);
INSERT INTO `Wednesday` VALUES ('Ms.S. Usha Krithika',0,0,0,0,1,0,1);
INSERT INTO `Wednesday` VALUES ('Mrs.E. Saraswathi',0,1,1,0,0,0,0);
INSERT INTO `Wednesday` VALUES ('Mr.M. Saravanan',1,0,1,1,0,1,0);
INSERT INTO `Wednesday` VALUES ('Mr.D. Ganesan',0,0,1,1,0,0,0);
INSERT INTO `Wednesday` VALUES ('Mr.K. Sathish',0,0,1,0,0,0,0);
INSERT INTO `Wednesday` VALUES ('Mr. Divagar Balasubramanian',1,0,0,0,1,1,0);
INSERT INTO `Wednesday` VALUES ('Ms.S. Nandhini',0,0,1,1,0,1,0);
INSERT INTO `Wednesday` VALUES ('Ms.J. Shiva Nandhini',0,0,0,0,1,0,1);
INSERT INTO `Wednesday` VALUES ('Mrs.S. Kalaiarasi',0,0,0,0,1,1,0);
INSERT INTO `Wednesday` VALUES ('Mrs.M. Shanthalakshmi',0,1,0,0,1,0,1);
INSERT INTO `Wednesday` VALUES ('Ms.P. Subashini',0,0,1,0,1,0,0);
CREATE TABLE "Tuesday" (
	`Name`	TEXT,
	`p1`	INTEGER,
	`p2`	INTEGER,
	`p3`	INTEGER,
	`p4`	INTEGER,
	`p5`	INTEGER,
	`p6`	INTEGER,
	`p7`	INTEGER
);
INSERT INTO `Tuesday` VALUES ('Mr.R. Augustian Isaac',1,1,0,0,1,0,0);
INSERT INTO `Tuesday` VALUES ('Mr. Balika.J.Chelliah',0,1,1,1,1,0,0);
INSERT INTO `Tuesday` VALUES ('Mr.S. Jaya Kumar',1,0,0,0,1,0,0);
INSERT INTO `Tuesday` VALUES ('Mr.R.J. Poovaraghan',0,0,0,1,0,0,0);
INSERT INTO `Tuesday` VALUES ('Ms.M.S. Bennet Praba',1,1,0,0,1,0,0);
INSERT INTO `Tuesday` VALUES ('Mr.S. Pandiaraj',0,0,0,0,1,0,1);
INSERT INTO `Tuesday` VALUES ('Ms.V. Praveena',1,0,0,0,1,0,0);
INSERT INTO `Tuesday` VALUES ('Mr.S. Arun Kumar',0,0,1,0,1,0,0);
INSERT INTO `Tuesday` VALUES ('Mrs.M.S. Antony Vigil',1,1,0,0,1,0,1);
INSERT INTO `Tuesday` VALUES ('Mr.T.H. Feiroz Khan',0,0,1,1,0,1,0);
INSERT INTO `Tuesday` VALUES ('Mr. B. Dojohn Loyd',0,0,0,0,0,0,0);
INSERT INTO `Tuesday` VALUES ('Mrs. J. Ahalya Mary',1,0,0,0,0,0,0);
INSERT INTO `Tuesday` VALUES ('Mrs. Mrudula Oruganti',0,0,0,1,1,1,0);
INSERT INTO `Tuesday` VALUES ('Mr. S.P. Maniraj',0,1,0,1,1,0,0);
INSERT INTO `Tuesday` VALUES ('Ms. V. Sellam',0,0,0,1,1,1,0);
INSERT INTO `Tuesday` VALUES ('Mr. Sarooraj',0,0,0,1,1,0,0);
INSERT INTO `Tuesday` VALUES ('Ms. Caroline El Fiorenza',1,1,0,1,0,0,0);
INSERT INTO `Tuesday` VALUES ('Mrs. R. Angeline',0,0,1,0,1,0,0);
INSERT INTO `Tuesday` VALUES ('Mr. Narendran M',0,1,0,0,0,1,0);
INSERT INTO `Tuesday` VALUES ('Mrs. Sabitha P',1,1,0,0,0,1,0);
INSERT INTO `Tuesday` VALUES ('Mrs. Tadepalli  Sarada Kiranmayee',0,0,1,0,1,0,1);
INSERT INTO `Tuesday` VALUES ('Mrs.G. Kalpana',0,0,0,1,1,0,0);
INSERT INTO `Tuesday` VALUES ('Mr. Senthil M',1,1,0,0,0,1,0);
INSERT INTO `Tuesday` VALUES ('Mr.D. Bhaskar',0,0,0,0,1,1,0);
INSERT INTO `Tuesday` VALUES ('Mr.M. Prabu',0,1,0,1,1,0,0);
INSERT INTO `Tuesday` VALUES ('Mrs.A. Shiny',1,1,0,1,0,0,0);
INSERT INTO `Tuesday` VALUES ('Ms.K. Suba',0,1,0,0,1,1,0);
INSERT INTO `Tuesday` VALUES ('Ms.P. Adlene Ebenezer',1,0,0,0,0,1,0);
INSERT INTO `Tuesday` VALUES ('Mrs.A. Sharmila Agnal',1,0,1,1,1,0,1);
INSERT INTO `Tuesday` VALUES ('Mrs.S. Vishu Dharsini',0,0,1,0,1,1,0);
INSERT INTO `Tuesday` VALUES ('Mrs.V. Sathya',1,1,1,0,1,0,1);
INSERT INTO `Tuesday` VALUES ('Ms.S.R. Rajeswari',0,0,0,0,1,1,0);
INSERT INTO `Tuesday` VALUES ('Ms.S. Usha Krithika',0,0,1,1,1,0,0);
INSERT INTO `Tuesday` VALUES ('Mrs.E. Saraswathi',0,0,0,0,0,1,0);
INSERT INTO `Tuesday` VALUES ('Mr.M. Saravanan',1,0,0,0,1,0,0);
INSERT INTO `Tuesday` VALUES ('Mr.D. Ganesan',1,0,0,0,1,0,1);
INSERT INTO `Tuesday` VALUES ('Mr.K. Sathish',0,0,0,0,1,0,1);
INSERT INTO `Tuesday` VALUES ('Mr. Divagar Balasubramanian',0,0,0,1,1,0,0);
INSERT INTO `Tuesday` VALUES ('Ms.S. Nandhini',0,0,0,1,1,0,0);
INSERT INTO `Tuesday` VALUES ('Ms.J. Shiva Nandhini',0,0,0,1,0,0,0);
INSERT INTO `Tuesday` VALUES ('Mrs.S. Kalaiarasi',1,0,1,1,0,1,0);
INSERT INTO `Tuesday` VALUES ('Mrs.M. Shanthalakshmi',0,0,0,0,0,1,0);
INSERT INTO `Tuesday` VALUES ('Ms.P. Subashini',1,0,0,0,1,1,0);
CREATE TABLE "Thursday" (
	`Name`	TEXT,
	`p1`	INTEGER,
	`p2`	INTEGER,
	`p3`	INTEGER,
	`p4`	INTEGER,
	`p5`	INTEGER,
	`p6`	INTEGER,
	`p7`	INTEGER
);
INSERT INTO `Thursday` VALUES ('Mr.R. Augustian Isaac',0,0,0,0,0,0,1);
INSERT INTO `Thursday` VALUES ('Mr. Balika.J.Chelliah',0,0,0,0,1,1,0);
INSERT INTO `Thursday` VALUES ('Mr.S. Jaya Kumar',0,0,1,0,0,1,1);
INSERT INTO `Thursday` VALUES ('Mr.R.J. Poovaraghan',1,0,0,0,1,0,1);
INSERT INTO `Thursday` VALUES ('Ms.M.S. Bennet Praba',0,0,1,0,1,0,1);
INSERT INTO `Thursday` VALUES ('Mr.S. Pandiaraj',1,0,0,0,0,0,0);
INSERT INTO `Thursday` VALUES ('Ms.V. Praveena',1,1,0,0,1,0,1);
INSERT INTO `Thursday` VALUES ('Mr.S. Arun Kumar',1,1,0,1,1,0,0);
INSERT INTO `Thursday` VALUES ('Mrs.M.S. Antony Vigil',0,0,0,1,0,0,0);
INSERT INTO `Thursday` VALUES ('Mr.T.H. Feiroz Khan',1,0,1,0,1,0,0);
INSERT INTO `Thursday` VALUES ('Mr. B. Dojohn Loyd',1,1,1,0,1,0,0);
INSERT INTO `Thursday` VALUES ('Mrs. J. Ahalya Mary',1,0,0,0,0,1,0);
INSERT INTO `Thursday` VALUES ('Mrs. Mrudula Oruganti',0,0,0,1,1,1,0);
INSERT INTO `Thursday` VALUES ('Mr. S.P. Maniraj',1,1,0,0,1,0,0);
INSERT INTO `Thursday` VALUES ('Ms. V. Sellam',0,0,0,0,1,0,0);
INSERT INTO `Thursday` VALUES ('Mr. Sarooraj',0,0,0,0,1,0,0);
INSERT INTO `Thursday` VALUES ('Ms. Caroline El Fiorenza',0,0,0,0,1,0,0);
INSERT INTO `Thursday` VALUES ('Mrs. R. Angeline',0,1,0,0,1,0,1);
INSERT INTO `Thursday` VALUES ('Mr. Narendran M',0,0,0,0,0,1,1);
INSERT INTO `Thursday` VALUES ('Mrs. Sabitha P',0,0,0,0,1,1,0);
INSERT INTO `Thursday` VALUES ('Mrs. Tadepalli  Sarada Kiranmayee',1,0,0,0,1,0,1);
INSERT INTO `Thursday` VALUES ('Mrs.G. Kalpana',0,0,0,1,1,0,0);
INSERT INTO `Thursday` VALUES ('Mr. Senthil M',0,0,0,0,0,1,0);
INSERT INTO `Thursday` VALUES ('Mr.D. Bhaskar',0,0,1,1,1,1,0);
INSERT INTO `Thursday` VALUES ('Mr.M. Prabu',1,0,0,0,0,1,0);
INSERT INTO `Thursday` VALUES ('Mrs.A. Shiny',0,0,1,0,0,0,0);
INSERT INTO `Thursday` VALUES ('Ms.K. Suba',0,0,1,0,0,1,0);
INSERT INTO `Thursday` VALUES ('Ms.P. Adlene Ebenezer',1,1,0,0,1,0,0);
INSERT INTO `Thursday` VALUES ('Mrs.A. Sharmila Agnal',0,0,0,1,1,0,0);
INSERT INTO `Thursday` VALUES ('Mrs.S. Vishu Dharsini',1,0,0,0,0,0,0);
INSERT INTO `Thursday` VALUES ('Mrs.V. Sathya',0,0,0,0,1,0,0);
INSERT INTO `Thursday` VALUES ('Ms.S.R. Rajeswari',1,0,0,0,0,1,1);
INSERT INTO `Thursday` VALUES ('Ms.S. Usha Krithika',1,0,0,0,1,0,0);
INSERT INTO `Thursday` VALUES ('Mrs.E. Saraswathi',0,0,1,0,1,1,0);
INSERT INTO `Thursday` VALUES ('Mr.M. Saravanan',0,0,0,0,0,1,0);
INSERT INTO `Thursday` VALUES ('Mr.D. Ganesan',0,0,0,1,1,0,0);
INSERT INTO `Thursday` VALUES ('Mr.K. Sathish',0,1,0,0,0,0,0);
INSERT INTO `Thursday` VALUES ('Mr. Divagar Balasubramanian',1,0,0,0,0,0,0);
INSERT INTO `Thursday` VALUES ('Ms.S. Nandhini',0,0,0,0,0,0,0);
INSERT INTO `Thursday` VALUES ('Ms.J. Shiva Nandhini',1,1,0,1,1,0,1);
INSERT INTO `Thursday` VALUES ('Mrs.S. Kalaiarasi',1,0,1,0,1,0,0);
INSERT INTO `Thursday` VALUES ('Mrs.M. Shanthalakshmi',0,0,0,1,1,0,1);
INSERT INTO `Thursday` VALUES ('Ms.P. Subashini',0,0,0,1,0,1,0);
CREATE TABLE "Monday" (
	`Name`	TEXT,
	`p1`	INTEGER,
	`p2`	INTEGER,
	`p3`	INTEGER,
	`p4`	INTEGER,
	`p5`	INTEGER,
	`p6`	INTEGER,
	`p7`	INTEGER
);
INSERT INTO `Monday` VALUES ('Mr.R. Augustian Isaac',1,0,1,1,1,0,0);
INSERT INTO `Monday` VALUES ('Mr. Balika.J.Chelliah',1,1,0,0,1,0,1);
INSERT INTO `Monday` VALUES ('Mr.S. Jaya Kumar',1,0,0,1,1,0,0);
INSERT INTO `Monday` VALUES ('Mr.R.J. Poovaraghan',0,0,1,0,1,0,1);
INSERT INTO `Monday` VALUES ('Ms.M.S. Bennet Praba',0,0,0,0,1,0,0);
INSERT INTO `Monday` VALUES ('Mr.S. Pandiaraj',1,0,1,0,1,1,0);
INSERT INTO `Monday` VALUES ('Ms.V. Praveena',0,0,0,0,0,0,0);
INSERT INTO `Monday` VALUES ('Mr.S. Arun Kumar',0,0,0,0,0,1,0);
INSERT INTO `Monday` VALUES ('Mrs.M.S. Antony Vigil',1,0,0,0,1,0,0);
INSERT INTO `Monday` VALUES ('Mr.T.H. Feiroz Khan',0,0,0,0,0,0,0);
INSERT INTO `Monday` VALUES ('Mr. B. Dojohn Loyd',1,1,0,0,0,1,0);
INSERT INTO `Monday` VALUES ('Mrs. J. Ahalya Mary',0,0,1,1,1,0,0);
INSERT INTO `Monday` VALUES ('Mrs. Mrudula Oruganti',0,0,1,0,0,0,0);
INSERT INTO `Monday` VALUES ('Mr. S.P. Maniraj',1,1,0,0,0,1,0);
INSERT INTO `Monday` VALUES ('Ms. V. Sellam',1,1,0,0,0,1,0);
INSERT INTO `Monday` VALUES ('Mr. Sarooraj',1,1,1,0,1,0,1);
INSERT INTO `Monday` VALUES ('Ms. Caroline El Fiorenza',0,1,0,1,1,1,0);
INSERT INTO `Monday` VALUES ('Mrs. R. Angeline',0,0,1,0,1,1,0);
INSERT INTO `Monday` VALUES ('Mr. Narendran M',0,0,0,0,1,1,0);
INSERT INTO `Monday` VALUES ('Mrs. Sabitha P',1,0,1,0,1,1,0);
INSERT INTO `Monday` VALUES ('Mrs. Tadepalli  Sarada Kiranmayee',0,0,0,1,1,0,1);
INSERT INTO `Monday` VALUES ('Mrs.G. Kalpana',0,0,0,0,1,0,1);
INSERT INTO `Monday` VALUES ('Mr. Senthil M',0,1,0,0,1,1,0);
INSERT INTO `Monday` VALUES ('Mr.D. Bhaskar',0,0,0,1,1,0,0);
INSERT INTO `Monday` VALUES ('Mr.M. Prabu',0,1,1,0,1,0,1);
INSERT INTO `Monday` VALUES ('Mrs.A. Shiny',1,1,0,0,1,0,0);
INSERT INTO `Monday` VALUES ('Ms.K. Suba',0,0,0,0,1,0,0);
INSERT INTO `Monday` VALUES ('Ms.P. Adlene Ebenezer',0,0,0,0,0,0,0);
INSERT INTO `Monday` VALUES ('Mrs.A. Sharmila Agnal',0,0,0,1,0,0,0);
INSERT INTO `Monday` VALUES ('Mrs.S. Vishu Dharsini',0,1,0,0,1,0,1);
INSERT INTO `Monday` VALUES ('Mrs.V. Sathya',0,0,1,0,1,0,0);
INSERT INTO `Monday` VALUES ('Ms.S.R. Rajeswari',0,0,0,0,1,1,0);
INSERT INTO `Monday` VALUES ('Ms.S. Usha Krithika',0,0,1,1,1,0,1);
INSERT INTO `Monday` VALUES ('Mrs.E. Saraswathi',1,0,1,1,0,0,0);
INSERT INTO `Monday` VALUES ('Mr.M. Saravanan',0,0,1,1,0,0,0);
INSERT INTO `Monday` VALUES ('Mr.D. Ganesan',0,0,1,1,1,1,0);
INSERT INTO `Monday` VALUES ('Mr.K. Sathish',1,1,0,1,0,0,0);
INSERT INTO `Monday` VALUES ('Mr. Divagar Balasubramanian',0,1,0,1,1,1,0);
INSERT INTO `Monday` VALUES ('Ms.S. Nandhini',1,0,0,0,1,0,1);
INSERT INTO `Monday` VALUES ('Ms.J. Shiva Nandhini',1,0,0,0,1,1,0);
INSERT INTO `Monday` VALUES ('Mrs.S. Kalaiarasi',0,1,0,0,1,0,1);
INSERT INTO `Monday` VALUES ('Mrs.M. Shanthalakshmi',1,0,1,0,0,1,0);
INSERT INTO `Monday` VALUES ('Ms.P. Subashini',0,0,0,0,1,0,1);
CREATE TABLE "Friday" (
	`Name`	TEXT,
	`p1`	INTEGER,
	`p2`	INTEGER,
	`p3`	INTEGER,
	`p4`	INTEGER,
	`p5`	INTEGER,
	`p6`	INTEGER,
	`p7`	INTEGER
);
INSERT INTO `Friday` VALUES ('Mr.R. Augustian Isaac',1,0,1,1,1,0,1);
INSERT INTO `Friday` VALUES ('Mr. Balika.J.Chelliah',0,0,1,1,0,0,0);
INSERT INTO `Friday` VALUES ('Mr.S. Jaya Kumar',0,1,0,0,1,0,0);
INSERT INTO `Friday` VALUES ('Mr.R.J. Poovaraghan',0,1,0,0,1,0,0);
INSERT INTO `Friday` VALUES ('Ms.M.S. Bennet Praba',0,0,0,0,1,0,1);
INSERT INTO `Friday` VALUES ('Mr.S. Pandiaraj',0,0,1,0,1,0,0);
INSERT INTO `Friday` VALUES ('Ms.V. Praveena',1,0,1,1,1,0,0);
INSERT INTO `Friday` VALUES ('Mr.S. Arun Kumar',1,1,0,0,0,1,1);
INSERT INTO `Friday` VALUES ('Mrs.M.S. Antony Vigil',0,1,0,1,1,0,0);
INSERT INTO `Friday` VALUES ('Mr.T.H. Feiroz Khan',0,1,1,1,1,0,0);
INSERT INTO `Friday` VALUES ('Mr. B. Dojohn Loyd',1,0,1,1,1,0,0);
INSERT INTO `Friday` VALUES ('Mrs. J. Ahalya Mary',0,0,0,0,0,1,0);
INSERT INTO `Friday` VALUES ('Mrs. Mrudula Oruganti',0,1,0,0,1,0,0);
INSERT INTO `Friday` VALUES ('Mr. S.P. Maniraj',0,0,1,1,0,1,0);
INSERT INTO `Friday` VALUES ('Ms. V. Sellam',1,0,1,1,0,0,0);
INSERT INTO `Friday` VALUES ('Mr. Sarooraj',0,0,1,1,1,0,0);
INSERT INTO `Friday` VALUES ('Ms. Caroline El Fiorenza',0,0,0,0,0,1,0);
INSERT INTO `Friday` VALUES ('Mrs. R. Angeline',0,0,1,1,0,1,0);
INSERT INTO `Friday` VALUES ('Mr. Narendran M',1,0,1,0,1,0,0);
INSERT INTO `Friday` VALUES ('Mrs. Sabitha P',0,0,1,1,0,0,0);
INSERT INTO `Friday` VALUES ('Mrs. Tadepalli  Sarada Kiranmayee',1,1,0,0,1,0,0);
INSERT INTO `Friday` VALUES ('Mrs.G. Kalpana',0,0,0,1,1,0,0);
INSERT INTO `Friday` VALUES ('Mr. Senthil M',0,0,1,0,1,0,0);
INSERT INTO `Friday` VALUES ('Mr.D. Bhaskar',0,0,0,0,1,1,0);
INSERT INTO `Friday` VALUES ('Mr.M. Prabu',0,0,0,0,0,1,0);
INSERT INTO `Friday` VALUES ('Mrs.A. Shiny',0,1,0,0,1,0,0);
INSERT INTO `Friday` VALUES ('Ms.K. Suba',1,1,0,0,1,1,0);
INSERT INTO `Friday` VALUES ('Ms.P. Adlene Ebenezer',1,0,1,1,1,0,1);
INSERT INTO `Friday` VALUES ('Mrs.A. Sharmila Agnal',0,0,1,0,1,0,1);
INSERT INTO `Friday` VALUES ('Mrs.S. Vishu Dharsini',0,0,1,1,1,0,1);
INSERT INTO `Friday` VALUES ('Mrs.V. Sathya',0,1,0,0,0,0,0);
INSERT INTO `Friday` VALUES ('Ms.S.R. Rajeswari',0,0,0,1,1,0,1);
INSERT INTO `Friday` VALUES ('Ms.S. Usha Krithika',0,0,0,0,1,1,0);
INSERT INTO `Friday` VALUES ('Mrs.E. Saraswathi',1,1,0,1,1,0,0);
INSERT INTO `Friday` VALUES ('Mr.M. Saravanan',1,0,1,1,1,0,0);
INSERT INTO `Friday` VALUES ('Mr.D. Ganesan',0,1,0,0,1,1,0);
INSERT INTO `Friday` VALUES ('Mr.K. Sathish',1,1,0,0,1,0,0);
INSERT INTO `Friday` VALUES ('Mr. Divagar Balasubramanian',0,0,1,1,1,0,0);
INSERT INTO `Friday` VALUES ('Ms.S. Nandhini',0,1,0,1,1,0,0);
INSERT INTO `Friday` VALUES ('Ms.J. Shiva Nandhini',0,0,0,0,1,0,1);
INSERT INTO `Friday` VALUES ('Mrs.S. Kalaiarasi',0,0,1,0,0,1,1);
INSERT INTO `Friday` VALUES ('Mrs.M. Shanthalakshmi',1,0,1,1,0,0,0);
INSERT INTO `Friday` VALUES ('Ms.P. Subashini',1,0,1,1,1,0,0);
COMMIT;
